Workbook

Sheet PANDUAN
A1: Tujuan template | B1: Tempat mengumpulkan data mentah/utama sebelum preprocessing dan visualisasi
A2: Data utama | B2: BPS
A3: Periode utama | B3: 2020
A4: INPUT 1 | B4: FLOW_OD, data arus migrasi antarprovinsi. Ini menjadi sumber untuk flow Jakarta dan network
A5: INPUT 2 | B5: MULTIVARIAT_PROVINSI, minimal 8 variabel numerik dan minimal 34 observasi
A6: INPUT 3 | B6: GEO_KABKOTA, indikator kabupaten/kota + KODE_BPS untuk join ke GeoJSON/Shapefile
A7: INPUT 4 (opsional) | B7: KOMUTER_JABODETABEK, hanya jika menemukan data BPS komuter yang sesuai
A8: DERIVED | B8: FLOW_JAKARTA dan NETWORK_EDGES cukup diturunkan dari FLOW_OD, bukan dicari ulang
A9: BATAS WILAYAH | B9: Jangan masukkan koordinat polygon ke Excel. Simpan GeoJSON/Shapefile terpisah dan join menggunakan KODE_BPS
A10: CODEBOOK | B10: Catat definisi, satuan, periode, sumber, URL, dan transformasi setiap variabel

Sheet METADATA_SOURCES
A1: ID_Sumber | B1: Topik/Sheet | C1: Judul Tabel/Publikasi | D1: Instansi | E1: Periode | F1: URL | G1: Tanggal_Akses | H1: Lampiran/Halaman | I1: Definisi/Catatan
A2: SRC001 | B2: FLOW_OD | C2: Statistik Migrasi Indonesia Hasil Long Form Sensus Penduduk 2020 | D2: BPS | E2: 2020 | F2: https://www.bps.go.id/id/publication/2023/07/20/97c956dd7ff3ece924911115/statistik-migrasi-indonesia-hasil-long-form-sensus-penduduk-2020.html | G2: 46297 | H2: 5.3/55-57 | I2: Penamaan kolom Papua dan Papua Barat salah pada "Provinsi Tempat Tinggal 5 Tahun yang Lalu" (Terbalik)
A3: SRC002 | B3: MULTIVARIAT_PROVINSI | C3: Indeks Pembangunan Manusia 2020 | D3: BPS | E3: 2020 | F3: https://www.bps.go.id/id/publication/2021/04/30/8e777ce2d7570ced44197a37/indeks-pembangunan-manusia-2020.html | G3: 46297 | H3: 1/111 | I3: -
A4: SRC003 | B4: MULTIVARIAT_PROVINSI | C4: Statistik Demografi Indonesia (Hasil Sensus Penduduk 2020) | D4: BPS | E4: 2020 | F4: https://www.bps.go.id/id/publication/2025/01/31/29a40174e02f20a7a31b5bc3/statistik-demografi-indonesia--hasil-sensus-penduduk-2020-.html | G4: 46298 | H4: Gambar 2.12/21 | I4: -
A5: SRC004 | B5: GEO_KABKOTA | C5: query-builder: Persentase Penduduk Miskin (P0) Menurut Kabupaten/Kota | D5: BPS | E5: 2020 | F5: https://www.bps.go.id/id/query-builder | G5: 46298 | H5: - | I5: Data hasil query builder
A6: SRC005 | B6: GEO_KABKOTA | C6: query-builder: [Metode Baru] Indeks Pembangunan Manusia (IPM) | D6: BPS | E6: 2020 | F6: https://www.bps.go.id/id/query-builder | G6: 46298 | H6: - | I6: Data hasil query builder
A7: SRC006 | B7: GEO_KABKOTA | C7: query-builder: [Metode Baru] Indeks Pembangunan Manusia | D7: BPS | E7: 2020 | F7: https://papua.bps.go.id/id/query-builder | G7: 46298 | H7: - | I7: Data hasil query builder
A8: SRC007 | B8: GEO_KABKOTA | C8: query-builder: [Metode Baru] Indeks Pembangunan Manusia Menurut Kabupaten/Kota | D8: BPS | E8: 2020 | F8: https://papuabarat.bps.go.id/id/query-builder | G8: 46298 | H8: - | I8: Data hasil query builder
A9: SRC008 | B9: GEO_KABKOTA | C9: Produk Domestik Regional Bruto Kabupaten/Kota di Indonesia 2020-2024 | D9: BPS | E9: 2020 | F9: https://www.bps.go.id/id/publication/2025/06/10/ca543e942579ced46afd603b/produk-domestik-regional-bruto-kabupaten-kota-di-indonesia-2020-2024.html | G9: 46298 | H9: Tabel 153-190/171-208 | I9: -
A10: SRC009 | B10: GEO_KABKOTA | C10: query-builder: Tingkat Pengangguran Terbuka menurut Jenis Kelamin dan Kabupaten/Kota | D10: BPS | E10: 2020 | F10: https://www.bps.go.id/id/query-builder | G10: 46298 | H10: - | I10: Data hasil query builder
A11: SRC010 | B11: GEO_KABKOTA | C11: query-builder: Jumlah Penduduk menurut Kabupaten/Kota dan Kelompok Umur | D11: BPS | E11: 2020 | F11: https://www.bps.go.id/id/query-builder | G11: 46298 | H11: - | I11: Data hasil query builder
A12: SRC011 | B12: KOMUTER_JABODETABEK | C12: Statistik Komuter Jabodetabek 2019 | D12: BPS | E12: 2019 | F12: https://www.bps.go.id/id/publication/2019/12/04/eab87d14d99459f4016bb057/statistik-komuter-jabodetabek-2019.html | G12: 46298 | H12: Tabel 2/2 | I12: -

Sheet CODEBOOK
A1: Sheet | B1: Nama_Variabel | C1: Definisi | D1: Satuan | E1: Tipe_Data | F1: Periode | G1: Sumber | H1: Transformasi/Rumus
A2: FLOW_OD | B2: kode_asal | C2: Kode provinsi tempat tinggal 5 tahun yang lalu (asal) menurut BPS | D2: - | E2: Text | F2: 2020 | G2: SRC001 | H2: -
A3: FLOW_OD | B3: nama_asal | C3: Nama provinsi asal | D3: - | E3: Text | F3: 2020 | G3: SRC001 | H3: -
A4: FLOW_OD | B4: kode_tujuan | C4: Kode provinsi tempat tinggal saat sensus (tujuan) menurut BPS | D4: - | E4: Text | F4: 2020 | G4: SRC001 | H4: -
A5: FLOW_OD | B5: nama_tujuan | C5: Nama provinsi tujuan | D5: - | E5: Text | F5: 2020 | G5: SRC001 | H5: -
A6: FLOW_OD | B6: jumlah_migran | C6: Jumlah migran risen (tinggal di provinsi lain 5 tahun sebelum sensus) dari provinsi asal ke provinsi tujuan | D6: jiwa | E6: Numeric | F6: 2020 | G6: SRC001 | H6: Diagonal (asal=tujuan) = penduduk yang tidak pindah, bukan migran: kecualikan dari visual aliran dan jaringan
A7: FLOW_OD | B7: jenis_migrasi | C7: Jenis migrasi yang dipakai pada tabel | D7: - | E7: Text | F7: 2020 | G7: SRC001 | H7: -
A8: FLOW_OD | B8: tahun_data | C8: Tahun data | D8: tahun | E8: Numeric | F8: 2020 | G8: SRC001 | H8: -
A9: FLOW_OD | B9: status_observasi | C9: Penanda jenis sel pada matriks OD | D9: - | E9: Text | F9: 2020 | G9: Penandaan sendiri | H9: DIISI = arus antarprovinsi; EXCLUDE_DIAGONAL = sel asal=tujuan
A10: FLOW_OD | B10: id_sumber | C10: Kode rujukan ke sheet METADATA_SOURCES | D10: - | E10: Text (rumus) | F10: 2020 | G10: - | H10: Rumus: =METADATA_SOURCES!$A$2
A11: MULTIVARIAT_PROVINSI | B11: kode_provinsi | C11: Kode provinsi menurut BPS | D11: - | E11: Text | F11: 2020 | G11: SRC002 | H11: -
A12: MULTIVARIAT_PROVINSI | B12: nama_provinsi | C12: Nama provinsi | D12: - | E12: Text | F12: 2020 | G12: SRC002 | H12: -
A13: MULTIVARIAT_PROVINSI | B13: ipm | C13: Indeks Pembangunan Manusia | D13: indeks (0-100) | E13: Numeric | F13: 2020 | G13: SRC002 | H13: -
... A17: MULTIVARIAT_PROVINSI | B17: pengeluaran_per_kapita | C17: Pengeluaran riil per kapita disesuaikan | D17: Rp per tahun | E17: Numeric | F17: 2020 | G17: SRC002 | H17: -
A18: MULTIVARIAT_PROVINSI | B18: persentase_miskin | C18: Persentase penduduk miskin | D18: persen | E18: Numeric | F18: 2020 (September) | G18: SRC002 atau SRC003 | H18: -
A19: MULTIVARIAT_PROVINSI | B19: tpt | C19: Tingkat Pengangguran Terbuka | D19: persen | E19: Numeric | F19: 2020 | G19: SRC002 atau SRC003 | H19: -
A20: MULTIVARIAT_PROVINSI | B20: kepadatan_penduduk | C20: Kepadatan penduduk | D20: jiwa/km2 | E20: Numeric | F20: 2020 | G20: SRC003 | H20: -
A21: MULTIVARIAT_PROVINSI | B21: id_sumber | C21: Kode rujukan ke METADATA_SOURCES | D21: - | E21: Text (rumus) | F21: 2020 | G21: - | H21: Rumus: =CONCATENATE(METADATA_SOURCES!$A$3,"; ",METADATA_SOURCES!$A$4)
A22: GEO_KABKOTA | B22: kode_bps | C22: Kode wilayah kabupaten/kota BPS (4 digit) | D22: - | E22: Text | F22: 2020 | G22: Query builder BPS | H22: -
A23: GEO_KABKOTA | B23: nama_kabkota | C23: Nama kabupaten/kota | D23: - | E23: Text | F23: 2020 | G23: Query builder BPS | H23: -
A24: GEO_KABKOTA | B24: kode_provinsi | C24: Kode provinsi (2 digit pertama KODE_BPS) | D24: - | E24: Text (rumus) | F24: 2020 | G24: - | H24: Rumus: =LEFT(A2,2)
A25: GEO_KABKOTA | B25: nama_provinsi | C25: Nama provinsi | D25: - | E25: Text | F25: 2020 | G25: Query builder BPS | H25: -
A26: GEO_KABKOTA | B26: kepadatan_penduduk | C26: Kepadatan penduduk | D26: jiwa/km2 | E26: Numeric | F26: 2020 | G26: Tidak tersedia | H26: -
A27: GEO_KABKOTA | B27: persentase_miskin | C27: Persentase penduduk miskin (P0) | D27: persen | E27: Numeric | F27: 2020 (September) | G27: SRC004 | H27: -
A28: GEO_KABKOTA | B28: ipm | C28: Indeks Pembangunan Manusia (metode baru) | D28: indeks (0-100) | E28: Numeric | F28: 2020 | G28: SRC005; SRC006; SRC007 | H28: -
A29: GEO_KABKOTA | B29: pdrb_per_kapita | C29: PDRB per kapita | D29: Rp per tahun | E29: Numeric | F29: 2020 | G29: SRC008 | H29: -
A30: GEO_KABKOTA | B30: tpt | C30: Tingkat Pengangguran Terbuka | D30: persen | E30: Numeric | F30: 2020 | G30: SRC009 | H30: -
A31: GEO_KABKOTA | B31: jumlah_penduduk | C31: Jumlah penduduk | D31: jiwa | E31: Numeric | F31: 2020 | G31: SRC010 | H31: -
A32: GEO_KABKOTA | B32: id_sumber | C32: Kode rujukan ke METADATA_SOURCES | D32: - | E32: Text (rumus) | F32: 2020 | G32: - | H32: Rumus: =CONCATENATE(...) atas SRC004 sampai SRC010
A33: KOMUTER_JABODETABEK | B33: kode_asal | C33: Kode kabupaten/kota tempat tinggal komuter | D33: - | E33: Text | F33: 2019 | G33: SRC011 | H33: -
A34: KOMUTER_JABODETABEK | B34: nama_asal | C34: Nama kabupaten/kota asal | D34: - | E34: Text | F34: 2019 | G34: SRC011 | H34: -
A35: KOMUTER_JABODETABEK | B35: kode_tujuan | C35: Kode kabupaten/kota tempat bekerja/tujuan komuter | D35: - | E35: Text | F35: 2019 | G35: SRC011 | H35: -
A36: KOMUTER_JABODETABEK | B36: nama_tujuan | C36: Nama kabupaten/kota tujuan | D36: - | E36: Text | F36: 2019 | G36: SRC011 | H36: -
A37: KOMUTER_JABODETABEK | B37: jumlah_komuter | C37: Jumlah komuter dari wilayah asal ke wilayah tujuan | D37: jiwa | E37: Numeric | F37: 2019 | G37: SRC011 | H37: -
A38: KOMUTER_JABODETABEK | B38: id_sumber | C38: Kode rujukan ke METADATA_SOURCES | D38: - | E38: Text (rumus) | F38: 2019 | G38: - | H38: Rumus: =METADATA_SOURCES!$A$12
A39: FLOW_JAKARTA | B39: kode_asal | C39: Kode provinsi asal | D39: - | E39: Text | F39: 2020 | G39: SRC001 | H39: Turunan FLOW_OD: baris dengan asal atau tujuan DKI Jakarta (kode 31)
... A49: NETWORK_EDGES | B49: centrality_nanti | C49: Ukuran sentralitas node (in/out-degree, strength, betweenness) | D49: skor | E49: Numeric | F49: 2020 | G49: Dihitung sendiri | H49: -

Sheet FLOW_OD
A1: kode_asal | B1: nama_asal | C1: kode_tujuan | D1: nama_tujuan | E1: jumlah_migran | F1: jenis_migrasi | G1: tahun_data | H1: status_observasi | I1: id_sumber
A2: 11 | B2: Aceh | C2: 11 | D2: Aceh | E2: 4876719 | F2: Risen | G2: 2020 | H2: =IF(tblFLOWOD[[#This Row],[nama_asal]]=tblFLOWOD[[#This Row],[nama_tujuan]],"keluar","isi") -> keluar | I2: =METADATA_SOURCES!$A$2 -> SRC001
A3: 11 | B3: Aceh | C3: 12 | D3: Sumatera Utara | E3: 14485 | F3: Risen | G3: 2020 | H3: =IF(tblFLOWOD[[#This Row],[nama_asal]]=tblFLOWOD[[#This Row],[nama_tujuan]],"keluar","isi") -> isi | I3: =METADATA_SOURCES!$A$2 -> SRC001
A4: 11 | B4: Aceh | C4: 13 | D4: Sumatera Barat | E4: 2161 | F4: Risen | G4: 2020 | H4: =IF(tblFLOWOD[[#This Row],[nama_asal]]=tblFLOWOD[[#This Row],[nama_tujuan]],"keluar","isi") -> isi | I4: =METADATA_SOURCES!$A$2 -> SRC001
A5: 11 | B5: Aceh | C5: 14 | D5: Riau | E5: 2363 | F5: Risen | G5: 2020 | H5: =IF(tblFLOWOD[[#This Row],[nama_asal]]=tblFLOWOD[[#This Row],[nama_tujuan]],"keluar","isi") -> isi | I5: =METADATA_SOURCES!$A$2 -> SRC001
A6: 11 | B6: Aceh | C6: 15 | D6: Jambi | E6: 432 | F6: Risen | G6: 2020 | H6: =IF(tblFLOWOD[[#This Row],[nama_asal]]=tblFLOWOD[[#This Row],[nama_tujuan]],"keluar","isi") -> isi | I6: =METADATA_SOURCES!$A$2 -> SRC001
A7: 11 | B7: Aceh | C7: 16 | D7: Sumatera Selatan | E7: 1024 | F7: Risen | G7: 2020 | H7: =IF(tblFLOWOD[[#This Row],[nama_asal]]=tblFLOWOD[[#This Row],[nama_tujuan]],"keluar","isi") -> isi | I7: =METADATA_SOURCES!$A$2 -> SRC001
A8: 11 | B8: Aceh | C8: 17 | D8: Bengkulu | E8: 318 | F8: Risen | G8: 2020 | H8: =IF(tblFLOWOD[[#This Row],[nama_asal]]=tblFLOWOD[[#This Row],[nama_tujuan]],"keluar","isi") -> isi | I8: =METADATA_SOURCES!$A$2 -> SRC001
A9: 11 | B9: Aceh | C9: 18 | D9: Lampung | E9: 503 | F9: Risen | G9: 2020 | H9: =IF(tblFLOWOD[[#This Row],[nama_asal]]=tblFLOWOD[[#This Row],[nama_tujuan]],"keluar","isi") -> isi | I9: =METADATA_SOURCES!$A$2 -> SRC001
A10: 11 | B10: Aceh | C10: 19 | D10: Kepulauan Bangka Belitung | E10: 51 | F10: Risen | G10: 2020 | H10: =IF(tblFLOWOD[[#This Row],[nama_asal]]=tblFLOWOD[[#This Row],[nama_tujuan]],"keluar","isi") -> isi | I10: =METADATA_SOURCES!$A$2 -> SRC001
A11: 11 | B11: Aceh | C11: 21 | D11: Kepulauan Riau | E11: 1871 | F11: Risen | G11: 2020 | H11: =IF(tblFLOWOD[[#This Row],[nama_asal]]=tblFLOWOD[[#This Row],[nama_tujuan]],"keluar","isi") -> isi | I11: =METADATA_SOURCES!$A$2 -> SRC001
A12: 11 | B12: Aceh | C12: 31 | D12: DKI Jakarta | E12: 949 | F12: Risen | G12: 2020 | H12: =IF(tblFLOWOD[[#This Row],[nama_asal]]=tblFLOWOD[[#This Row],[nama_tujuan]],"keluar","isi") -> isi | I12: =METADATA_SOURCES!$A$2 -> SRC001
A13: 11 | B13: Aceh | C13: 32 | D13: Jawa Barat | E13: 3728 | F13: Risen | G13: 2020 | H13: =IF(tblFLOWOD[[#This Row],[nama_asal]]=tblFLOWOD[[#This Row],[nama_tujuan]],"keluar","isi") -> isi | I13: =METADATA_SOURCES!$A$2 -> SRC001
... A1157: 94 | B1157: Papua | C1157: 94 | D1157: Papua | E1157: 3970085 | F1157: Risen | G1157: 2020 | H1157: =IF(tblFLOWOD[[#This Row],[nama_asal]]=tblFLOWOD[[#This Row],[nama_tujuan]],"keluar","isi") -> keluar | I1157: =METADATA_SOURCES!$A$2 -> SRC001

Sheet MULTIVARIAT_PROVINSI
A1: kode_provinsi | B1: nama_provinsi | C1: ipm | D1: uhh | E1: hls | F1: rls | G1: pengeluaran_per_kapita | H1: persentase_miskin | I1: tpt | J1: kepadatan_penduduk | K1: id_sumber
A2: 11 | B2: Aceh | C2: 71.99 | D2: 69.93 | E2: 14.31 | F2: 9.33 | G2: 9492000 | H2: 15.43 | I2: 6.59 | J2: 91 | K2: =CONCATENATE(METADATA_SOURCES!$A$3,"; ",METADATA_SOURCES!$A$4) -> SRC002; SRC003
A3: 12 | B3: Sumatera Utara | C3: 71.77 | D3: 69.1 | E3: 13.23 | F3: 9.54 | G3: 10420000 | H3: 9.14 | I3: 6.91 | J3: 203 | K3: =CONCATENATE(METADATA_SOURCES!$A$3,"; ",METADATA_SOURCES!$A$4) -> SRC002; SRC003
A4: 13 | B4: Sumatera Barat | C4: 72.38 | D4: 69.47 | E4: 14.02 | F4: 8.99 | G4: 10733000 | H4: 6.56 | I4: 6.88 | J4: 132 | K4: =CONCATENATE(METADATA_SOURCES!$A$3,"; ",METADATA_SOURCES!$A$4) -> SRC002; SRC003
A5: 14 | B5: Riau | C5: 72.71 | D5: 71.6 | E5: 13.2 | F5: 9.14 | G5: 10675000 | H5: 7.04 | I5: 6.32 | J5: 73 | K5: =CONCATENATE(METADATA_SOURCES!$A$3,"; ",METADATA_SOURCES!$A$4) -> SRC002; SRC003
A6: 15 | B6: Jambi | C6: 71.29 | D6: 71.16 | E6: 12.98 | F6: 8.55 | G6: 10392000 | H6: 7.97 | I6: 5.13 | J6: 71 | K6: =CONCATENATE(METADATA_SOURCES!$A$3,"; ",METADATA_SOURCES!$A$4) -> SRC002; SRC003
A7: 16 | B7: Sumatera Selatan | C7: 70.01 | D7: 69.88 | E7: 12.45 | F7: 8.24 | G7: 10652000 | H7: 12.98 | I7: 5.51 | J7: 92 | K7: =CONCATENATE(METADATA_SOURCES!$A$3,"; ",METADATA_SOURCES!$A$4) -> SRC002; SRC003
A8: 17 | B8: Bengkulu | C8: 71.4 | D8: 69.35 | E8: 13.61 | F8: 8.84 | G8: 10380000 | H8: 15.3 | I8: 4.07 | J8: 101 | K8: =CONCATENATE(METADATA_SOURCES!$A$3,"; ",METADATA_SOURCES!$A$4) -> SRC002; SRC003
A9: 18 | B9: Lampung | C9: 69.69 | D9: 70.65 | E9: 12.65 | F9: 8.05 | G9: 9982000 | H9: 12.76 | I9: 4.67 | J9: 260 | K9: =CONCATENATE(METADATA_SOURCES!$A$3,"; ",METADATA_SOURCES!$A$4) -> SRC002; SRC003
A10: 19 | B10: Kepulauan Bangka Belitung | C10: 71.47 | D10: 70.64 | E10: 12.05 | F10: 8.06 | G10: 12794000 | H10: 4.89 | I10: 5.25 | J10: 89 | K10: =CONCATENATE(METADATA_SOURCES!$A$3,"; ",METADATA_SOURCES!$A$4) -> SRC002; SRC003
A11: 21 | B11: Kepulauan Riau | C11: 75.59 | D11: 69.96 | E11: 12.87 | F11: 10.12 | G11: 14209000 | H11: 6.13 | I11: 10.34 | J11: 252 | K11: =CONCATENATE(METADATA_SOURCES!$A$3,"; ",METADATA_SOURCES!$A$4) -> SRC002; SRC003
A12: 31 | B12: DKI Jakarta | C12: 80.77 | D12: 72.91 | E12: 12.98 | F12: 11.13 | G12: 18227000 | H12: 4.69 | I12: 10.95 | J12: 15907 | K12: =CONCATENATE(METADATA_SOURCES!$A$3,"; ",METADATA_SOURCES!$A$4) -> SRC002; SRC003
A13: 32 | B13: Jawa Barat | C13: 72.09 | D13: 73.04 | E13: 12.5 | F13: 8.55 | G13: 10845000 | H13: 8.43 | I13: 10.46 | J13: 1365 | K13: =CONCATENATE(METADATA_SOURCES!$A$3,"; ",METADATA_SOURCES!$A$4) -> SRC002; SRC003
... A35: 94 | B35: Papua | C35: 60.44 | D35: 65.79 | E35: 11.08 | F35: 6.69 | G35: 6954000 | H35: 26.8 | I35: 4.28 | J35: 13 | K35: =CONCATENATE(METADATA_SOURCES!$A$3,"; ",METADATA_SOURCES!$A$4) -> SRC002; SRC003

Sheet GEO_KABKOTA
A1: kode_bps | B1: nama_kabkota | C1: kode_provinsi | D1: nama_provinsi | E1: persentase_miskin | F1: ipm | G1: pdrb_per_kapita | H1: tpt | I1: jumlah_penduduk | J1: id_sumber
A2: 1101 | B2: Simeulue | C2: =LEFT(A2,2) -> 11 | D2: Aceh | E2: 18.49 | F2: 66.03 | G2: 24551000 | H2: 5.47 | I2: 92865 | J2: =CONCATENATE(METADATA_SOURCES!$A$5,"; ",METADATA_SOURCES!$A$6,"; ",METADATA_SOURCES!$A$7,"; ",METADATA_SOURCES!$A$8,"; ",METADATA_SOURCES!$A$9,"; ",METADATA_SOURCES!$A$10,"; ",METADATA_SOURCES!$A$11) -> SRC004; SRC005; SRC006; SRC007; SRC008; SRC009; SRC010
A3: 1102 | B3: Aceh Singkil | C3: =LEFT(A3,2) -> 11 | D3: Aceh | E3: 20.2 | F3: 68.94 | G3: 19229000 | H3: 8.24 | I3: 126514 | J3: =CONCATENATE(METADATA_SOURCES!$A$5,"; ",METADATA_SOURCES!$A$6,"; ",METADATA_SOURCES!$A$7,"; ",METADATA_SOURCES!$A$8,"; ",METADATA_SOURCES!$A$9,"; ",METADATA_SOURCES!$A$10,"; ",METADATA_SOURCES!$A$11) -> SRC004; SRC005; SRC006; SRC007; SRC008; SRC009; SRC010
A4: 1103 | B4: Aceh Selatan | C4: =LEFT(A4,2) -> 11 | D4: Aceh | E4: 12.87 | F4: 67.12 | G4: 23854000 | H4: 6.54 | I4: 232414 | J4: =CONCATENATE(METADATA_SOURCES!$A$5,"; ",METADATA_SOURCES!$A$6,"; ",METADATA_SOURCES!$A$7,"; ",METADATA_SOURCES!$A$8,"; ",METADATA_SOURCES!$A$9,"; ",METADATA_SOURCES!$A$10,"; ",METADATA_SOURCES!$A$11) -> SRC004; SRC005; SRC006; SRC007; SRC008; SRC009; SRC010
A5: 1104 | B5: Aceh Tenggara | C5: =LEFT(A5,2) -> 11 | D5: Aceh | E5: 13.21 | F5: 69.37 | G5: 22999000 | H5: 5.72 | I5: 220860 | J5: =CONCATENATE(METADATA_SOURCES!$A$5,"; ",METADATA_SOURCES!$A$6,"; ",METADATA_SOURCES!$A$7,"; ",METADATA_SOURCES!$A$8,"; ",METADATA_SOURCES!$A$9,"; ",METADATA_SOURCES!$A$10,"; ",METADATA_SOURCES!$A$11) -> SRC004; SRC005; SRC006; SRC007; SRC008; SRC009; SRC010
A6: 1105 | B6: Aceh Timur | C6: =LEFT(A6,2) -> 11 | D6: Aceh | E6: 14.08 | F6: 67.63 | G6: 25181000 | H6: 7.26 | I6: 422401 | J6: =CONCATENATE(METADATA_SOURCES!$A$5,"; ",METADATA_SOURCES!$A$6,"; ",METADATA_SOURCES!$A$7,"; ",METADATA_SOURCES!$A$8,"; ",METADATA_SOURCES!$A$9,"; ",METADATA_SOURCES!$A$10,"; ",METADATA_SOURCES!$A$11) -> SRC004; SRC005; SRC006; SRC007; SRC008; SRC009; SRC010
A7: 1106 | B7: Aceh Tengah | C7: =LEFT(A7,2) -> 11 | D7: Aceh | E7: 15.08 | F7: 73.24 | G7: 34407000 | H7: 3.05 | I7: 215576 | J7: =CONCATENATE(METADATA_SOURCES!$A$5,"; ",METADATA_SOURCES!$A$6,"; ",METADATA_SOURCES!$A$7,"; ",METADATA_SOURCES!$A$8,"; ",METADATA_SOURCES!$A$9,"; ",METADATA_SOURCES!$A$10,"; ",METADATA_SOURCES!$A$11) -> SRC004; SRC005; SRC006; SRC007; SRC008; SRC009; SRC010
A8: 1107 | B8: Aceh Barat | C8: =LEFT(A8,2) -> 11 | D8: Aceh | E8: 18.34 | F8: 71.38 | G8: 40898000 | H8: 7.3 | I8: 198736 | J8: =CONCATENATE(METADATA_SOURCES!$A$5,"; ",METADATA_SOURCES!$A$6,"; ",METADATA_SOURCES!$A$7,"; ",METADATA_SOURCES!$A$8,"; ",METADATA_SOURCES!$A$9,"; ",METADATA_SOURCES!$A$10,"; ",METADATA_SOURCES!$A$11) -> SRC004; SRC005; SRC006; SRC007; SRC008; SRC009; SRC010
A9: 1108 | B9: Aceh Besar | C9: =LEFT(A9,2) -> 11 | D9: Aceh | E9: 13.84 | F9: 73.56 | G9: 32951000 | H9: 7.62 | I9: 405535 | J9: =CONCATENATE(METADATA_SOURCES!$A$5,"; ",METADATA_SOURCES!$A$6,"; ",METADATA_SOURCES!$A$7,"; ",METADATA_SOURCES!$A$8,"; ",METADATA_SOURCES!$A$9,"; ",METADATA_SOURCES!$A$10,"; ",METADATA_SOURCES!$A$11) -> SRC004; SRC005; SRC006; SRC007; SRC008; SRC009; SRC010
A10: 1109 | B10: Pidie | C10: =LEFT(A10,2) -> 11 | D10: Aceh | E10: 19.23 | F10: 70.63 | G10: 24776000 | H10: 6.45 | I10: 435275 | J10: =CONCATENATE(METADATA_SOURCES!$A$5,"; ",METADATA_SOURCES!$A$6,"; ",METADATA_SOURCES!$A$7,"; ",METADATA_SOURCES!$A$8,"; ",METADATA_SOURCES!$A$9,"; ",METADATA_SOURCES!$A$10,"; ",METADATA_SOURCES!$A$11) -> SRC004; SRC005; SRC006; SRC007; SRC008; SRC009; SRC010
A11: 1110 | B11: Bireuen | C11: =LEFT(A11,2) -> 11 | D11: Aceh | E11: 13.06 | F11: 72.28 | G11: 30034000 | H11: 4.12 | I11: 436418 | J11: =CONCATENATE(METADATA_SOURCES!$A$5,"; ",METADATA_SOURCES!$A$6,"; ",METADATA_SOURCES!$A$7,"; ",METADATA_SOURCES!$A$8,"; ",METADATA_SOURCES!$A$9,"; ",METADATA_SOURCES!$A$10,"; ",METADATA_SOURCES!$A$11) -> SRC004; SRC005; SRC006; SRC007; SRC008; SRC009; SRC010
A12: 1111 | B12: Aceh Utara | C12: =LEFT(A12,2) -> 11 | D12: Aceh | E12: 17.02 | F12: 69.33 | G12: 32756000 | H12: 8.56 | I12: 602793 | J12: =CONCATENATE(METADATA_SOURCES!$A$5,"; ",METADATA_SOURCES!$A$6,"; ",METADATA_SOURCES!$A$7,"; ",METADATA_SOURCES!$A$8,"; ",METADATA_SOURCES!$A$9,"; ",METADATA_SOURCES!$A$10,"; ",METADATA_SOURCES!$A$11) -> SRC004; SRC005; SRC006; SRC007; SRC008; SRC009; SRC010
A13: 1112 | B13: Aceh Barat Daya | C13: =LEFT(A13,2) -> 11 | D13: Aceh | E13: 15.93 | F13: 66.75 | G13: 26070000 | H13: 3.93 | I13: 150775 | J13: =CONCATENATE(METADATA_SOURCES!$A$5,"; ",METADATA_SOURCES!$A$6,"; ",METADATA_SOURCES!$A$7,"; ",METADATA_SOURCES!$A$8,"; ",METADATA_SOURCES!$A$9,"; ",METADATA_SOURCES!$A$10,"; ",METADATA_SOURCES!$A$11) -> SRC004; SRC005; SRC006; SRC007; SRC008; SRC009; SRC010
... A515: 9471 | B515: Kota Jayapura | C515: =LEFT(A515,2) -> 94 | D515: Papua | E515: 11.16 | F515: 79.94 | G515: 80638000 | H515: 11.62 | I515: 398478 | J515: =CONCATENATE(METADATA_SOURCES!$A$5,"; ",METADATA_SOURCES!$A$6,"; ",METADATA_SOURCES!$A$7,"; ",METADATA_SOURCES!$A$8,"; ",METADATA_SOURCES!$A$9,"; ",METADATA_SOURCES!$A$10,"; ",METADATA_SOURCES!$A$11) -> SRC004; SRC005; SRC006; SRC007; SRC008; SRC009; SRC010

Sheet KOMUTER_JABODETABEK
A1: kode_asal | B1: nama_asal | C1: kode_tujuan | D1: nama_tujuan | E1: jumlah_komuter | F1: id_sumber
A2: 3171 | B2: Kota Jakarta Selatan | C2: 3172 | D2: Kota Jakarta Timur | E2: 32504 | F2: =METADATA_SOURCES!$A$12 -> SRC011
A3: 3171 | B3: Kota Jakarta Selatan | C3: 3173 | D3: Kota Jakarta Pusat | E3: 71478 | F3: =METADATA_SOURCES!$A$12 -> SRC011
A4: 3171 | B4: Kota Jakarta Selatan | C4: 3174 | D4: Kota Jakarta Barat | E4: 39804 | F4: =METADATA_SOURCES!$A$12 -> SRC011
A5: 3171 | B5: Kota Jakarta Selatan | C5: 3175 | D5: Kota Jakarta Utara | E5: 10465 | F5: =METADATA_SOURCES!$A$12 -> SRC011
A6: 3171 | B6: Kota Jakarta Selatan | C6: 3201 | D6: Bogor | E6: 2862 | F6: =METADATA_SOURCES!$A$12 -> SRC011
A7: 3171 | B7: Kota Jakarta Selatan | C7: 3216 | D7: Bekasi | E7: 3371 | F7: =METADATA_SOURCES!$A$12 -> SRC011
A8: 3171 | B8: Kota Jakarta Selatan | C8: 3271 | D8: Kota Bogor | E8: 717 | F8: =METADATA_SOURCES!$A$12 -> SRC011
A9: 3171 | B9: Kota Jakarta Selatan | C9: 3275 | D9: Kota Bekasi | E9: 4599 | F9: =METADATA_SOURCES!$A$12 -> SRC011
A10: 3171 | B10: Kota Jakarta Selatan | C10: 3276 | D10: Kota Depok | E10: 24825 | F10: =METADATA_SOURCES!$A$12 -> SRC011
A11: 3171 | B11: Kota Jakarta Selatan | C11: 3603 | D11: Tangerang | E11: 4432 | F11: =METADATA_SOURCES!$A$12 -> SRC011
A12: 3171 | B12: Kota Jakarta Selatan | C12: 3671 | D12: Kota Tangerang | E12: 5638 | F12: =METADATA_SOURCES!$A$12 -> SRC011
A13: 3171 | B13: Kota Jakarta Selatan | C13: 3674 | D13: Kota Tangerang Selatan | E13: 28057 | F13: =METADATA_SOURCES!$A$12 -> SRC011
... A143: 3674 | B143: Kota Tangerang Selatan | C143: 3671 | D143: Kota Tangerang | E143: 19032 | F143: =METADATA_SOURCES!$A$12 -> SRC011

Sheet FLOW_JAKARTA
A1: kode_asal | B1: nama_asal | C1: kode_tujuan | D1: nama_tujuan | E1: jumlah_migran
A2: 31 | B2: DKI Jakarta | C2: 11 | D2: Aceh | E2: 2000
A3: 31 | B3: DKI Jakarta | C3: 12 | D3: Sumatera Utara | E3: 19064
A4: 31 | B4: DKI Jakarta | C4: 13 | D4: Sumatera Barat | E4: 22428
A5: 31 | B5: DKI Jakarta | C5: 14 | D5: Riau | E5: 2643
A6: 31 | B6: DKI Jakarta | C6: 15 | D6: Jambi | E6: 1670
A7: 31 | B7: DKI Jakarta | C7: 16 | D7: Sumatera Selatan | E7: 5757
A8: 31 | B8: DKI Jakarta | C8: 17 | D8: Bengkulu | E8: 2108
A9: 31 | B9: DKI Jakarta | C9: 18 | D9: Lampung | E9: 18517
A10: 31 | B10: DKI Jakarta | C10: 19 | D10: Kepulauan Bangka Belitung | E10: 3638
A11: 31 | B11: DKI Jakarta | C11: 21 | D11: Kepulauan Riau | E11: 3380
A12: 31 | B12: DKI Jakarta | C12: 32 | D12: Jawa Barat | E12: 339634
A13: 31 | B13: DKI Jakarta | C13: 33 | D13: Jawa Tengah | E13: 188939
... A67: 93 | B67: Papua | C67: 31 | D67: DKI Jakarta | E67: 862

Sheet NETWORK_EDGES
A1: kode_asal | B1: nama_asal | C1: kode_tujuan | D1: nama_tujuan | E1: weight | F1: centrality_nanti
A2: 31 | B2: DKI Jakarta | C2: 11 | D2: Aceh | E2: 2000
A3: 31 | B3: DKI Jakarta | C3: 12 | D3: Sumatera Utara | E3: 19064
A4: 31 | B4: DKI Jakarta | C4: 13 | D4: Sumatera Barat | E4: 22428
A5: 31 | B5: DKI Jakarta | C5: 14 | D5: Riau | E5: 2643
A6: 31 | B6: DKI Jakarta | C6: 15 | D6: Jambi | E6: 1670
A7: 31 | B7: DKI Jakarta | C7: 16 | D7: Sumatera Selatan | E7: 5757
A8: 31 | B8: DKI Jakarta | C8: 17 | D8: Bengkulu | E8: 2108
A9: 31 | B9: DKI Jakarta | C9: 18 | D9: Lampung | E9: 18517
A10: 31 | B10: DKI Jakarta | C10: 19 | D10: Kepulauan Bangka Belitung | E10: 3638
A11: 31 | B11: DKI Jakarta | C11: 21 | D11: Kepulauan Riau | E11: 3380
A12: 31 | B12: DKI Jakarta | C12: 32 | D12: Jawa Barat | E12: 339634
A13: 31 | B13: DKI Jakarta | C13: 33 | D13: Jawa Tengah | E13: 188939
... A67: 93 | B67: Papua | C67: 31 | D67: DKI Jakarta | E67: 862
